<?xml version="1.0" encoding="UTF-8" standalone="yes"?>
<ResponseSet>
  <responseSetName>incremental</responseSetName>
  <response uuid="46a77d9d-487f-477b-98b2-8af76ba20032">0.38</response>
  <response uuid="27abf413-5d50-41c9-ba7b-7df1d21aa83a">0.11</response>
  <response uuid="c024210b-9258-44fd-8bb3-058f1e46c5ad">0.26</response>
  <response uuid="a0d23a59-ede1-4def-a699-3c884bec422f">0.28</response>
  <response uuid="bf46e50b-ac3a-4796-9554-e83fcdaf58d2">0.36</response>
  <response uuid="ca7b1a56-c223-4dca-953a-9cc64425e53b">0.54</response>
  <response uuid="cfa52378-d8cf-44d7-84ad-a967c3e9dbb7">0.03</response>
  <response uuid="0dbc3f3d-12fd-44b2-92c7-fc11effd988e">0.34</response>
  <response uuid="f9bcabd1-4a07-4c2f-9072-c23e8d7a1793">0.5</response>
  <response uuid="5e911628-9a22-4115-a034-9086480d54ee">0.02</response>
  <response uuid="4aa1210a-05f5-4ffe-8ba1-797efefee53a">0.24</response>
  <response uuid="2d6884d5-5b35-4954-a2a6-8346783618ea">0.29</response>
  <response uuid="d517e965-9478-4efa-b519-ad58603be86e">0.59</response>
  <response uuid="f8228661-30d8-41d1-9344-812862df37b8">0.31</response>
  <response uuid="99aff351-60fa-42e2-849e-c5215b082a01">0.18</response>
  <response uuid="2dd43018-3312-4fd6-af33-0bd3422ccbdf">0.44</response>
  <response uuid="9d1a141e-885c-423a-95be-22b55b563382">0.07</response>
  <response uuid="e64d7209-b3c3-4ec8-a347-e7019ec63107">0.32</response>
  <response uuid="5d58bd03-bc50-4220-b02c-dfa2c0090df7">0.33</response>
  <response uuid="5872b875-2e78-4c45-b5d7-28197f95d069">0.21</response>
  <response uuid="524ab6db-0138-4abf-b87e-d2576c31e094">0.27</response>
  <response uuid="19330fb8-c14c-4607-9b27-9a152bb3b59a">0.1</response>
  <response uuid="84bf085f-eef7-4a21-ba00-9ca18864808e">0.06</response>
  <response uuid="d9053299-216a-4335-b7c2-be45f9e6d17c">0.46</response>
  <response uuid="1f3daaa2-4dc6-4806-893b-1c6e23cd6452">0.12</response>
  <response uuid="4ae77dd2-bed9-4bc4-a206-fa00c3118a00">0.23</response>
  <response uuid="8810243a-c3dc-4b02-ae2a-07ff6056948b">0.16</response>
  <response uuid="9ab1d414-2507-4cd0-b8f1-6ee28be44f27">0.42</response>
  <response uuid="d6c02319-1a88-4d2d-82fb-3f30a36a2ee6">0.52</response>
  <response uuid="92ab22c5-d994-41f0-805e-d16561e0efdd">0.37</response>
  <response uuid="10e05e71-c8bf-4809-aed7-2420ba8ecc7b">0.22</response>
  <response uuid="6015a570-806a-4999-85db-8a94fe9c7d5b">0.17</response>
  <response uuid="7565b083-ae18-4bfb-a909-87035bc09843">0.43</response>
  <response uuid="435883d2-696b-40d4-9154-abd4748e4422">0.4</response>
  <response uuid="9bcbc3c8-1eb1-46ad-8db7-94288b500a17">0.53</response>
  <response uuid="ac0d9228-5bb0-43a6-8fb2-4d6c6460bac9">0.19</response>
  <response uuid="1f642881-9805-444b-a5a6-17e82d6398fe">0.35</response>
  <response uuid="de82484c-e217-4fb8-9b73-c54ca7c72023">0.25</response>
  <response uuid="c999c034-5912-47e1-a1c3-b497ab1064e3">0.49</response>
  <response uuid="781c54f3-1582-4edc-8cae-dc777d2b58b5">0.08</response>
  <response uuid="476c5c89-5e29-41e8-8bc2-5417de186ee0">0.48</response>
  <response uuid="cb301719-5251-4eaf-a599-717daf776f5d">0.56</response>
  <response uuid="165d99ef-88c5-49e2-bf7f-ecc0bbbb8632">0.41</response>
  <response uuid="6c642f65-ed32-4281-8c67-fcede205a12d">0.51</response>
  <response uuid="0884fa35-1818-4d6a-8563-7a7946c1c617">0.2</response>
  <response uuid="8a84f317-cca9-4917-b40b-ae23cf0feb8a">0.09</response>
  <response uuid="65cbc3ef-04c4-43e0-aff2-d8a11e81d01f">0.01</response>
  <response uuid="d9594477-6d7a-4e2b-8553-44c4cd530113">0.45</response>
  <response uuid="33765cdd-e8ae-4c62-8b4f-664ff19a77d8">0.15</response>
  <response uuid="40047cf1-8b1b-4400-ab10-71c6c56fc61a">0.55</response>
  <response uuid="c35404b9-4af9-4a66-8c92-cd337d21e1e7">0.05</response>
  <response uuid="a52134ee-b222-43c3-9e52-1fc787a88770">0.39</response>
  <response uuid="70877a2f-8d86-4e98-89e6-abb5f36a7190">0.47</response>
  <response uuid="635c08bb-19ba-4354-a965-82d010503044">0.04</response>
  <response uuid="6fbba431-b861-4209-b5ad-0054a13729b5">0.14</response>
  <response uuid="48ab266c-a058-41f8-a721-20caede7239a">0.57</response>
  <response uuid="4c393f91-068b-4f26-9f17-e203e17cce95">0.13</response>
  <response uuid="1d31b7ae-e55b-4d72-8601-239cedca96ac">0.58</response>
  <response uuid="cc4a7f04-d448-4abd-886e-75074e96ba3f">0.3</response>
</ResponseSet>
