<?xml version="1.0" encoding="UTF-8" standalone="yes"?>
<ResponseSet>
  <responseSetName>incremental</responseSetName>
  <response uuid="030c2f82-2dac-44aa-859a-087d152c79b3">0.46</response>
  <response uuid="27ac97a5-b336-4961-81e1-a72ff6d094c7">0.14</response>
  <response uuid="af1d37fb-5a4c-4eba-88fb-351ca7108ed9">0.51</response>
  <response uuid="14782d43-63f3-4837-b871-ca78f769df63">0.55</response>
  <response uuid="ae97223c-cdc0-4d0d-9eae-d7481cfdc3b0">0.19</response>
  <response uuid="f424fc6a-3a2e-4d89-9c76-422713169e68">0.1</response>
  <response uuid="2ce36a8b-786d-449b-80f1-0c115ab45332">0.45</response>
  <response uuid="e51fba96-fad3-49e1-b3bc-162e03889fd6">0.12</response>
  <response uuid="f9dbe085-5792-4fe0-a763-ff1bed97b530">0.07</response>
  <response uuid="5acc27ab-8de5-4aff-8a4b-338df113ff8d">0.39</response>
  <response uuid="617cca88-c5da-4f9f-8d3c-2428b252184e">0.41</response>
  <response uuid="fcf3f441-d672-4861-b828-44a3ef43c8a2">0.03</response>
  <response uuid="9a7431b0-b372-4c6a-97cb-1471d11633a9">0.5</response>
  <response uuid="9e295e35-766b-4285-bac8-1609d3b16529">0.53</response>
  <response uuid="cbbf433e-c87c-44ba-9c94-58f87ba62d55">0.16</response>
  <response uuid="0e75d47f-e987-4570-b2e8-6c972e1ce32d">0.18</response>
  <response uuid="77f07de7-4544-413a-acdc-1ad9dc978b12">0.2</response>
  <response uuid="ada8232d-39f0-4776-8c8b-3efc622818ef">0.23</response>
  <response uuid="0f6efe36-4f8f-4632-8166-67639caaa769">0.26</response>
  <response uuid="bb91baa0-d248-4c64-b850-1519726b3840">0.05</response>
  <response uuid="46bd93d6-f983-49d7-abcf-df41986710ae">0.43</response>
  <response uuid="5bca8982-f489-47a6-a2a2-2fad449f85d7">0.33</response>
  <response uuid="4cbb50dc-e4a6-483f-9de3-a02c1fa3c85a">0.11</response>
  <response uuid="aef2cd00-a1fb-42f1-bdcf-6759b7c65ee6">0.08</response>
  <response uuid="8c0a23fc-5be6-4a63-9a61-3bc9ae0b5ff9">0.31</response>
  <response uuid="f0fbc8a3-6194-44b1-9746-491b15de70dc">0.06</response>
  <response uuid="33aba1ab-ec2e-4278-93dc-e6aedb4f5bf2">0.59</response>
  <response uuid="78fad78d-598c-4850-9a71-c0fb945a6fb6">0.04</response>
  <response uuid="2d532dbc-b494-40d6-b420-786847cedcff">0.22</response>
  <response uuid="fcaa8ec8-553e-4dfb-bb68-e9145ecfd564">0.27</response>
  <response uuid="8ea5c33a-383c-4793-a698-0b66d6970a4f">0.17</response>
  <response uuid="e88e1fa3-78c2-426a-b7c6-1d03105fb6b6">0.3</response>
  <response uuid="4214e9fa-053b-4f27-bc58-78e3831d47e3">0.38</response>
  <response uuid="086a3b09-64ed-47df-ba1c-ab4ba4de192f">0.58</response>
  <response uuid="cc6aac65-1361-47ce-ae1f-638a0cbd4d1f">0.15</response>
  <response uuid="54476768-460f-40af-9121-fd43980843c8">0.25</response>
  <response uuid="b116b526-6525-455a-ba5b-f055d0a34809">0.13</response>
  <response uuid="35796f27-0fc5-40dc-b4ef-ed41875b7884">0.02</response>
  <response uuid="4da2c78a-64a9-4f61-b993-7c3e3d2d5ce8">0.52</response>
  <response uuid="205211f0-5461-40a6-b93f-419ccac396c4">0.49</response>
  <response uuid="38334253-db45-4bc8-a29f-4c64b83fca38">0.34</response>
  <response uuid="b525ccb1-4833-4316-a445-9a1c23ef27d2">0.42</response>
  <response uuid="e6206732-2770-4036-9b1f-a2e12dd44129">0.01</response>
  <response uuid="f26890e3-7825-4920-b079-08ea138dcfb5">0.37</response>
  <response uuid="4d7c62ce-6688-43f3-938c-fd9c0eb3bf50">0.56</response>
  <response uuid="2c1a695b-04fe-4e51-9ecf-97ba8424a41c">0.28</response>
  <response uuid="ea4fe0fd-0775-4a49-a0db-46922687bb23">0.57</response>
  <response uuid="4d5b3200-b164-42d9-bab5-48aca8c81866">0.35</response>
  <response uuid="a4ada8c0-9207-454c-9d1f-80fcb789d094">0.32</response>
  <response uuid="5170e4ab-d2ef-46e6-8bd6-29be714c8025">0.47</response>
  <response uuid="cc81e87e-21e4-4b7b-b40e-0ed4ca6585ce">0.09</response>
  <response uuid="af23c5d4-99a2-4f73-9fa6-5016ee7b0aa2">0.24</response>
  <response uuid="dd964e14-03e9-42e2-9078-0b94901f4232">0.29</response>
  <response uuid="d5540815-f84e-474c-89bb-67f6a12a8ea6">0.4</response>
  <response uuid="0a0164ae-b7e2-4903-ad16-f3e16b226304">0.21</response>
  <response uuid="c9a091ef-1e19-4f64-be68-85ca8b73f582">0.54</response>
  <response uuid="7aba5f3c-f261-45c3-90c4-e80fc7fd5bc4">0.44</response>
  <response uuid="60ea73fe-188f-4855-9e16-574f59cd1d90">0.36</response>
  <response uuid="88058385-69ea-420b-9218-9b81d666f840">0.48</response>
</ResponseSet>
