<?xml version="1.0" encoding="UTF-8" standalone="yes"?>
<w:numbering xmlns:wpc="http://schemas.microsoft.com/office/word/2010/wordprocessingCanvas" xmlns:mo="http://schemas.microsoft.com/office/mac/office/2008/main" xmlns:mc="http://schemas.openxmlformats.org/markup-compatibility/2006" xmlns:mv="urn:schemas-microsoft-com:mac:vml" xmlns:o="urn:schemas-microsoft-com:office:office" xmlns:r="http://schemas.openxmlformats.org/officeDocument/2006/relationships" xmlns:m="http://schemas.openxmlformats.org/officeDocument/2006/math" xmlns:v="urn:schemas-microsoft-com:vml" xmlns:wp14="http://schemas.microsoft.com/office/word/2010/wordprocessingDrawing" xmlns:wp="http://schemas.openxmlformats.org/drawingml/2006/wordprocessingDrawing" xmlns:w10="urn:schemas-microsoft-com:office:word" xmlns:w="http://schemas.openxmlformats.org/wordprocessingml/2006/main" xmlns:w14="http://schemas.microsoft.com/office/word/2010/wordml" xmlns:wpg="http://schemas.microsoft.com/office/word/2010/wordprocessingGroup" xmlns:wpi="http://schemas.microsoft.com/office/word/2010/wordprocessingInk" xmlns:wne="http://schemas.microsoft.com/office/word/2006/wordml" xmlns:wps="http://schemas.microsoft.com/office/word/2010/wordprocessingShape" mc:Ignorable="w14 wp14"><w:abstractNum w:abstractNumId="0"><w:nsid w:val="FFFFFF89"/><w:multiLevelType w:val="singleLevel"/><w:tmpl w:val="EC1A2FE6"/><w:lvl w:ilvl="0"><w:start w:val="1"/><w:numFmt w:val="bullet"/><w:pStyle w:val="ListBullet"/><w:lvlText w:val=""/><w:lvlJc w:val="left"/><w:pPr><w:tabs><w:tab w:val="num" w:pos="360"/></w:tabs><w:ind w:left="360" w:hanging="360"/></w:pPr><w:rPr><w:rFonts w:ascii="Symbol" w:hAnsi="Symbol" w:hint="default"/></w:rPr></w:lvl></w:abstractNum><w:abstractNum w:abstractNumId="1"><w:nsid w:val="4F8E34D1"/><w:multiLevelType w:val="hybridMultilevel"/><w:tmpl w:val="755CCC7E"/><w:lvl w:ilvl="0" w:tplc="1A0EFB28"><w:start w:val="2"/><w:numFmt w:val="bullet"/><w:lvlText w:val="-"/><w:lvlJc w:val="left"/><w:pPr><w:ind w:left="1080" w:hanging="360"/></w:pPr><w:rPr><w:rFonts w:ascii="Calibri" w:eastAsiaTheme="minorHAnsi" w:hAnsi="Calibri" w:cstheme="minorBidi" w:hint="default"/></w:rPr></w:lvl><w:lvl w:ilvl="1" w:tplc="04090003"><w:start w:val="1"/><w:numFmt w:val="bullet"/><w:lvlText w:val="o"/><w:lvlJc w:val="left"/><w:pPr><w:ind w:left="1800" w:hanging="360"/></w:pPr><w:rPr><w:rFonts w:ascii="Courier New" w:hAnsi="Courier New" w:cs="Courier New" w:hint="default"/></w:rPr></w:lvl><w:lvl w:ilvl="2" w:tplc="04090005"><w:start w:val="1"/><w:numFmt w:val="bullet"/><w:lvlText w:val=""/><w:lvlJc w:val="left"/><w:pPr><w:ind w:left="2520" w:hanging="360"/></w:pPr><w:rPr><w:rFonts w:ascii="Wingdings" w:hAnsi="Wingdings" w:hint="default"/></w:rPr></w:lvl><w:lvl w:ilvl="3" w:tplc="04090001"><w:start w:val="1"/><w:numFmt w:val="bullet"/><w:lvlText w:val=""/><w:lvlJc w:val="left"/><w:pPr><w:ind w:left="3240" w:hanging="360"/></w:pPr><w:rPr><w:rFonts w:ascii="Symbol" w:hAnsi="Symbol" w:hint="default"/></w:rPr></w:lvl><w:lvl w:ilvl="4" w:tplc="04090003" w:tentative="1"><w:start w:val="1"/><w:numFmt w:val="bullet"/><w:lvlText w:val="o"/><w:lvlJc w:val="left"/><w:pPr><w:ind w:left="3960" w:hanging="360"/></w:pPr><w:rPr><w:rFonts w:ascii="Courier New" w:hAnsi="Courier New" w:cs="Courier New" w:hint="default"/></w:rPr></w:lvl><w:lvl w:ilvl="5" w:tplc="04090005" w:tentative="1"><w:start w:val="1"/><w:numFmt w:val="bullet"/><w:lvlText w:val=""/><w:lvlJc w:val="left"/><w:pPr><w:ind w:left="4680" w:hanging="360"/></w:pPr><w:rPr><w:rFonts w:ascii="Wingdings" w:hAnsi="Wingdings" w:hint="default"/></w:rPr></w:lvl><w:lvl w:ilvl="6" w:tplc="04090001" w:tentative="1"><w:start w:val="1"/><w:numFmt w:val="bullet"/><w:lvlText w:val=""/><w:lvlJc w:val="left"/><w:pPr><w:ind w:left="5400" w:hanging="360"/></w:pPr><w:rPr><w:rFonts w:ascii="Symbol" w:hAnsi="Symbol" w:hint="default"/></w:rPr></w:lvl><w:lvl w:ilvl="7" w:tplc="04090003" w:tentative="1"><w:start w:val="1"/><w:numFmt w:val="bullet"/><w:lvlText w:val="o"/><w:lvlJc w:val="left"/><w:pPr><w:ind w:left="6120" w:hanging="360"/></w:pPr><w:rPr><w:rFonts w:ascii="Courier New" w:hAnsi="Courier New" w:cs="Courier New" w:hint="default"/></w:rPr></w:lvl><w:lvl w:ilvl="8" w:tplc="04090005" w:tentative="1"><w:start w:val="1"/><w:numFmt w:val="bullet"/><w:lvlText w:val=""/><w:lvlJc w:val="left"/><w:pPr><w:ind w:left="6840" w:hanging="360"/></w:pPr><w:rPr><w:rFonts w:ascii="Wingdings" w:hAnsi="Wingdings" w:hint="default"/></w:rPr></w:lvl></w:abstractNum><w:abstractNum w:abstractNumId="2"><w:nsid w:val="68012BC2"/><w:multiLevelType w:val="hybridMultilevel"/><w:tmpl w:val="B3AA2534"/><w:lvl w:ilvl="0" w:tplc="04090001"><w:start w:val="1"/><w:numFmt w:val="bullet"/><w:lvlText w:val=""/><w:lvlJc w:val="left"/><w:pPr><w:ind w:left="720" w:hanging="360"/></w:pPr><w:rPr><w:rFonts w:ascii="Symbol" w:hAnsi="Symbol" w:hint="default"/></w:rPr></w:lvl><w:lvl w:ilvl="1" w:tplc="04090003"><w:start w:val="1"/><w:numFmt w:val="bullet"/><w:lvlText w:val="o"/><w:lvlJc w:val="left"/><w:pPr><w:ind w:left="1440" w:hanging="360"/></w:pPr><w:rPr><w:rFonts w:ascii="Courier New" w:hAnsi="Courier New" w:cs="Courier New" w:hint="default"/></w:rPr></w:lvl><w:lvl w:ilvl="2" w:tplc="04090005"><w:start w:val="1"/><w:numFmt w:val="bullet"/><w:lvlText w:val=""/><w:lvlJc w:val="left"/><w:pPr><w:ind w:left="2160" w:hanging="360"/></w:pPr><w:rPr><w:rFonts w:ascii="Wingdings" w:hAnsi="Wingdings" w:hint="default"/></w:rPr></w:lvl><w:lvl w:ilvl="3" w:tplc="04090001"><w:start w:val="1"/><w:numFmt w:val="bullet"/><w:lvlText w:val=""/><w:lvlJc w:val="left"/><w:pPr><w:ind w:left="2880" w:hanging="360"/></w:pPr><w:rPr><w:rFonts w:ascii="Symbol" w:hAnsi="Symbol" w:hint="default"/></w:rPr></w:lvl><w:lvl w:ilvl="4" w:tplc="04090003"><w:start w:val="1"/><w:numFmt w:val="bullet"/><w:lvlText w:val="o"/><w:lvlJc w:val="left"/><w:pPr><w:ind w:left="3600" w:hanging="360"/></w:pPr><w:rPr><w:rFonts w:ascii="Courier New" w:hAnsi="Courier New" w:cs="Courier New" w:hint="default"/></w:rPr></w:lvl><w:lvl w:ilvl="5" w:tplc="04090005" w:tentative="1"><w:start w:val="1"/><w:numFmt w:val="bullet"/><w:lvlText w:val=""/><w:lvlJc w:val="left"/><w:pPr><w:ind w:left="4320" w:hanging="360"/></w:pPr><w:rPr><w:rFonts w:ascii="Wingdings" w:hAnsi="Wingdings" w:hint="default"/></w:rPr></w:lvl><w:lvl w:ilvl="6" w:tplc="04090001" w:tentative="1"><w:start w:val="1"/><w:numFmt w:val="bullet"/><w:lvlText w:val=""/><w:lvlJc w:val="left"/><w:pPr><w:ind w:left="5040" w:hanging="360"/></w:pPr><w:rPr><w:rFonts w:ascii="Symbol" w:hAnsi="Symbol" w:hint="default"/></w:rPr></w:lvl><w:lvl w:ilvl="7" w:tplc="04090003" w:tentative="1"><w:start w:val="1"/><w:numFmt w:val="bullet"/><w:lvlText w:val="o"/><w:lvlJc w:val="left"/><w:pPr><w:ind w:left="5760" w:hanging="360"/></w:pPr><w:rPr><w:rFonts w:ascii="Courier New" w:hAnsi="Courier New" w:cs="Courier New" w:hint="default"/></w:rPr></w:lvl><w:lvl w:ilvl="8" w:tplc="04090005" w:tentative="1"><w:start w:val="1"/><w:numFmt w:val="bullet"/><w:lvlText w:val=""/><w:lvlJc w:val="left"/><w:pPr><w:ind w:left="6480" w:hanging="360"/></w:pPr><w:rPr><w:rFonts w:ascii="Wingdings" w:hAnsi="Wingdings" w:hint="default"/></w:rPr></w:lvl></w:abstractNum><w:abstractNum w:abstractNumId="3"><w:nsid w:val="68FA1E48"/><w:multiLevelType w:val="hybridMultilevel"/><w:tmpl w:val="AFCA5B18"/><w:lvl w:ilvl="0" w:tplc="1A0EFB28"><w:start w:val="2"/><w:numFmt w:val="bullet"/><w:lvlText w:val="-"/><w:lvlJc w:val="left"/><w:pPr><w:ind w:left="1080" w:hanging="360"/></w:pPr><w:rPr><w:rFonts w:ascii="Calibri" w:eastAsiaTheme="minorHAnsi" w:hAnsi="Calibri" w:cstheme="minorBidi" w:hint="default"/></w:rPr></w:lvl><w:lvl w:ilvl="1" w:tplc="04090003"><w:start w:val="1"/><w:numFmt w:val="bullet"/><w:lvlText w:val="o"/><w:lvlJc w:val="left"/><w:pPr><w:ind w:left="1440" w:hanging="360"/></w:pPr><w:rPr><w:rFonts w:ascii="Courier New" w:hAnsi="Courier New" w:cs="Courier New" w:hint="default"/></w:rPr></w:lvl><w:lvl w:ilvl="2" w:tplc="04090005"><w:start w:val="1"/><w:numFmt w:val="bullet"/><w:lvlText w:val=""/><w:lvlJc w:val="left"/><w:pPr><w:ind w:left="2160" w:hanging="360"/></w:pPr><w:rPr><w:rFonts w:ascii="Wingdings" w:hAnsi="Wingdings" w:hint="default"/></w:rPr></w:lvl><w:lvl w:ilvl="3" w:tplc="04090001"><w:start w:val="1"/><w:numFmt w:val="bullet"/><w:lvlText w:val=""/><w:lvlJc w:val="left"/><w:pPr><w:ind w:left="2880" w:hanging="360"/></w:pPr><w:rPr><w:rFonts w:ascii="Symbol" w:hAnsi="Symbol" w:hint="default"/></w:rPr></w:lvl><w:lvl w:ilvl="4" w:tplc="04090003"><w:start w:val="1"/><w:numFmt w:val="bullet"/><w:lvlText w:val="o"/><w:lvlJc w:val="left"/><w:pPr><w:ind w:left="3600" w:hanging="360"/></w:pPr><w:rPr><w:rFonts w:ascii="Courier New" w:hAnsi="Courier New" w:cs="Courier New" w:hint="default"/></w:rPr></w:lvl><w:lvl w:ilvl="5" w:tplc="04090005"><w:start w:val="1"/><w:numFmt w:val="bullet"/><w:lvlText w:val=""/><w:lvlJc w:val="left"/><w:pPr><w:ind w:left="4320" w:hanging="360"/></w:pPr><w:rPr><w:rFonts w:ascii="Wingdings" w:hAnsi="Wingdings" w:hint="default"/></w:rPr></w:lvl><w:lvl w:ilvl="6" w:tplc="04090001"><w:start w:val="1"/><w:numFmt w:val="bullet"/><w:lvlText w:val=""/><w:lvlJc w:val="left"/><w:pPr><w:ind w:left="5040" w:hanging="360"/></w:pPr><w:rPr><w:rFonts w:ascii="Symbol" w:hAnsi="Symbol" w:hint="default"/></w:rPr></w:lvl><w:lvl w:ilvl="7" w:tplc="04090003"><w:start w:val="1"/><w:numFmt w:val="bullet"/><w:lvlText w:val="o"/><w:lvlJc w:val="left"/><w:pPr><w:ind w:left="5760" w:hanging="360"/></w:pPr><w:rPr><w:rFonts w:ascii="Courier New" w:hAnsi="Courier New" w:cs="Courier New" w:hint="default"/></w:rPr></w:lvl><w:lvl w:ilvl="8" w:tplc="04090005" w:tentative="1"><w:start w:val="1"/><w:numFmt w:val="bullet"/><w:lvlText w:val=""/><w:lvlJc w:val="left"/><w:pPr><w:ind w:left="6480" w:hanging="360"/></w:pPr><w:rPr><w:rFonts w:ascii="Wingdings" w:hAnsi="Wingdings" w:hint="default"/></w:rPr></w:lvl></w:abstractNum><w:num w:numId="1"><w:abstractNumId w:val="1"/></w:num><w:num w:numId="2"><w:abstractNumId w:val="3"/></w:num><w:num w:numId="3"><w:abstractNumId w:val="0"/></w:num><w:num w:numId="4"><w:abstractNumId w:val="2"/></w:num></w:numbering>