<?xml version="1.0" encoding="UTF-8" standalone="yes"?>
<RamModel>
  <ModelInformation>
    <frontImagePath>media/a2b4a67a-aef7-4917-a605-7bdbb45fe7db.png</frontImagePath>
    <frontHTML>Some text for the front</frontHTML>
  </ModelInformation>
  <QuestionModule>
    <QuestionSetRoot>
      <defaultWeight>1.0</defaultWeight>
      <uuid>db34aa07-7242-47ed-b0fa-4f9d4dd4ebc0</uuid>
      <title>First Module</title>
      <Children>
      </Children>
    </QuestionSetRoot>
  </QuestionModule>
  <ExtraElements>
	<QuestionSetQuestion>
	  <defaultWeight>1.0</defaultWeight>
	  <uuid>201f8349-c251-48f9-bfb0-964f7ff4bb72</uuid>
	  <title>A Question</title>
	  <Children/>
	  <detailText>Suggestions</detailText>
	  <bounds lower="0.0" upper="4.0"/>
	</QuestionSetQuestion>
        <QuestionSetCategory>
          <defaultWeight>1.0</defaultWeight>
          <uuid>34bff90a-34d0-4100-b3f2-9d8fb75c783b</uuid>
          <title>A Category</title>
	  <Children></Children>
        </QuestionSetCategory>

  <ResultProfile>
    <uuid>28304af6-de71-40d2-8086-53f80cd3f039</uuid>
  </ResultProfile>
    <ResultTitle>
      <title>Result 1</title>
      <rawWeight>1.0</rawWeight>
      <normalizeChildren>true</normalizeChildren>
      <Children />
    </ResultTitle>
	<ResultQuestion>
          <questionUUID>201f8349-c251-48f9-bfb0-964f7ff4bb72</questionUUID>
          <rawWeight>1.0</rawWeight>
        </ResultQuestion>
        <ResultMathOpAdd>
          <title>addition</title>
          <rawWeight>1.0</rawWeight>
          <normalizeChildren>true</normalizeChildren>
          <Children/>
        </ResultMathOpAdd>
        <ResultMathOpSubtract>
          <title>sub</title>
          <rawWeight>1.0</rawWeight>
          <normalizeChildren>true</normalizeChildren>
          <Children/>
        </ResultMathOpSubtract>
        <ResultMathOpMultiply>
          <title>mult</title>
          <rawWeight>1.0</rawWeight>
          <normalizeChildren>true</normalizeChildren>
          <Children/>
        </ResultMathOpMultiply>
        <ResultMathOpDivide>
          <title>div</title>
          <rawWeight>1.0</rawWeight>
          <normalizeChildren>true</normalizeChildren>
          <Children/>
        </ResultMathOpDivide>
        <ResultMathOpMax>
          <title>max</title>
          <rawWeight>1.0</rawWeight>
          <normalizeChildren>true</normalizeChildren>
          <Children/>
        </ResultMathOpMax>
        <ResultMathOpMin>
          <title>min</title>
          <rawWeight>1.0</rawWeight>
          <normalizeChildren>true</normalizeChildren>
          <Children/>
        </ResultMathOpMin>
        <ResultMathOpExponent>
          <exponent>0.5</exponent>
          <title>exp</title>
          <rawWeight>1.0</rawWeight>
          <normalizeChildren>true</normalizeChildren>
          <Children/>
        </ResultMathOpExponent>
        <ResultMathOpConstant>
          <constant>3.0</constant>
          <title>const</title>
          <rawWeight>1.0</rawWeight>
        </ResultMathOpConstant>
        <ResultCategory>
          <categoryUUID>34bff90a-34d0-4100-b3f2-9d8fb75c783b</categoryUUID>
          <rawWeight>1.0</rawWeight>
          <normalizeChildren>true</normalizeChildren>
          <Children/>
        </ResultCategory>
    </ExtraElements>
  <Chart>
    <chartTitle>First</chartTitle>
    <XAxis>
      <min>0.0</min>
      <max>4.0</max>
      <title>x title</title>
    </XAxis>
    <YAxis>
      <min>0.0</min>
      <max>4.0</max>
      <title>y title</title>
    </YAxis>
    <backgroundImagePath>media/10554cd7-90a6-4fb2-849e-59c661f87e11.png</backgroundImagePath>
    <DataPoint>
      <legendTitle>A point</legendTitle>
      <xResultProfileUUID>28304af6-de71-40d2-8086-53f80cd3f039</xResultProfileUUID>
      <yResultProfileUUID>28304af6-de71-40d2-8086-53f80cd3f039</yResultProfileUUID>
    </DataPoint>
  </Chart>
</RamModel>
