<?xml version="1.0"?>
<w:document xmlns:w="http://schemas.openxmlformats.org/wordprocessingml/2006/main" xmlns:r="http://schemas.openxmlformats.org/officeDocument/2006/relationships" xmlns:o="urn:schemas-microsoft-com:office:office" xmlns:wne="http://schemas.microsoft.com/office/word/2006/wordml" xmlns:mo="http://schemas.microsoft.com/office/mac/office/2008/main" xmlns:m="http://schemas.openxmlformats.org/officeDocument/2006/math" xmlns:wpi="http://schemas.microsoft.com/office/word/2010/wordprocessingInk" xmlns:wpg="http://schemas.microsoft.com/office/word/2010/wordprocessingGroup" xmlns:w14="http://schemas.microsoft.com/office/word/2010/wordml" xmlns:wpc="http://schemas.microsoft.com/office/word/2010/wordprocessingCanvas" xmlns:w10="urn:schemas-microsoft-com:office:word" xmlns:wp="http://schemas.openxmlformats.org/drawingml/2006/wordprocessingDrawing" xmlns:mc="http://schemas.openxmlformats.org/markup-compatibility/2006" xmlns:v="urn:schemas-microsoft-com:vml" xmlns:wps="http://schemas.microsoft.com/office/word/2010/wordprocessingShape" xmlns:mv="urn:schemas-microsoft-com:mac:vml" xmlns:wp14="http://schemas.microsoft.com/office/word/2010/wordprocessingDrawing" xmlns:xhtml="http://www.w3.org/1999/xhtml">
  <w:body>
    <w:p>
      <w:r>
        <w:t>This is some text</w:t>
      </w:r>
    </w:p>
  </w:body>
</w:document>
